facility_id,borrower_id,borrower_name,product_type,industry,region,loan_type,security_type,loan_term_months,limit_amount,drawn_balance,undrawn_amount,ccf_bucket,ccf_applied,ead,interest_rate,score,score_band,risk_grade,pd_model_stream,pd_final,lgd_final,expected_loss,el_rate,annual_revenue,ebitda,dscr,arrears_days,watchlist_flag,internal_risk_grade,borrower_strength,conduct_classification,default_horizon_months,pd_model_name,pd_model_version,as_of_date,lgd_base,lgd_adj_lvr,lgd_adj_stage,lgd_adj_industry,lgd_adj_pd_band,lgd_adj_dscr,lgd_adj_conduct,lgd_adjusted,downturn_scalar,lgd_downturn
FAC-00001,BOR-0001,Borrower 0001,Overdraft / Revolving Working Capital,Construction,QLD,revolving,General Security Agreement,24,231848.29,182935.27,48913.02000000002,weak,0.75,219620.04,0.1095,661,C,RG3,cashflow,0.053,0.638,7426.23,0.033814,35206912.08,2869569.6,1.441,40,0,RG3,average,Amber,12,cashflow_logistic_scorecard,v1.0,2026-04-09,0.55,0.0,0.0,0.02,0.0,0.0,0.01,0.58,1.1,0.638
FAC-00002,BOR-0002,Borrower 0002,Property Backed Loan,Health Care and Social Assistance,QLD,term,Commercial Property,36,5051971.45,4679807.26,372164.1900000004,not_applicable,0.0,4679807.26,0.0775,730,B,RG2,property,0.021,0.3132,30780.03,0.006577,24506846.52,3945206.71,1.628,15,0,RG2,strong,Amber,12,property_logistic_scorecard,v1.0,2026-04-09,0.28,0.0,0.0,0.0,0.0,0.0,0.01,0.29,1.08,0.3132
FAC-00003,BOR-0003,Borrower 0003,SME Cash Flow Term Loan,Health Care and Social Assistance,WA,term,Unsecured,24,983107.06,809813.52,173293.54000000004,not_applicable,0.0,809813.52,0.0892,730,B,RG2,cashflow,0.0228,0.649,11982.97,0.014797,10201449.89,1684431.42,1.82,9,0,RG2,strong,Green,12,cashflow_logistic_scorecard,v1.0,2026-04-09,0.6,0.0,0.0,0.0,-0.01,0.0,0.0,0.59,1.1,0.649
FAC-00004,BOR-0004,Borrower 0004,Overdraft / Revolving Working Capital,Accommodation and Food Services,QLD,revolving,General Security Agreement,24,1055493.71,435801.34,619692.3699999999,weak,0.75,900570.62,0.1031,663,C,RG3,cashflow,0.0535,0.638,30739.18,0.034133,4257553.03,307988.27,1.383,37,0,RG3,average,Amber,12,cashflow_logistic_scorecard,v1.0,2026-04-09,0.55,0.0,0.0,0.02,0.0,0.0,0.01,0.58,1.1,0.638
FAC-00005,BOR-0005,Borrower 0005,Property Backed Loan,"Agriculture, Forestry and Fishing",NSW,term,Residential Investment Property,36,3091029.13,2822255.56,268773.56999999983,not_applicable,0.0,2822255.56,0.0812,666,C,RG3,property,0.0447,0.2484,31336.86,0.011103,14766913.62,2461799.14,1.8,32,0,RG3,average,Amber,12,property_logistic_scorecard,v1.0,2026-04-09,0.2,0.0,0.0,0.02,0.0,0.0,0.01,0.23,1.08,0.2484
FAC-00006,BOR-0006,Borrower 0006,Overdraft / Revolving Working Capital,Health Care and Social Assistance,NSW,revolving,General Security Agreement,12,511031.26,331077.95,179953.31,weak,0.75,466042.93,0.1035,662,C,RG3,cashflow,0.0515,0.627,15048.76,0.032291,16049452.36,2962697.39,1.231,38,0,RG3,average,Amber,12,cashflow_logistic_scorecard,v1.0,2026-04-09,0.55,0.0,0.0,0.0,0.0,0.01,0.01,0.57,1.1,0.627
FAC-00007,BOR-0007,Borrower 0007,SME Cash Flow Term Loan,Health Care and Social Assistance,WA,term,General Security Agreement,36,1377350.74,1050432.95,326917.79000000004,not_applicable,0.0,1050432.95,0.0817,727,B,RG2,cashflow,0.0228,0.462,11064.84,0.010534,15925470.82,2634179.73,1.489,20,0,RG2,strong,Amber,12,cashflow_logistic_scorecard,v1.0,2026-04-09,0.42,0.0,0.0,0.0,-0.01,0.0,0.01,0.42,1.1,0.462
FAC-00008,BOR-0008,Borrower 0008,Overdraft / Revolving Working Capital,Health Care and Social Assistance,VIC,revolving,General Security Agreement,24,1456846.93,1020430.81,436416.1199999999,average,0.5,1238638.87,0.0981,667,C,RG3,cashflow,0.0474,0.627,36812.1,0.02972,19926884.52,3016012.97,1.167,29,0,RG3,average,Amber,12,cashflow_logistic_scorecard,v1.0,2026-04-09,0.55,0.0,0.0,0.0,0.0,0.01,0.01,0.57,1.1,0.627
FAC-00009,BOR-0009,Borrower 0009,SME Cash Flow Term Loan,"Professional, Scientific and Technical Services",QLD,term,Unsecured,36,1956668.94,1802971.87,153697.06999999983,not_applicable,0.0,1802971.87,0.0924,728,B,RG2,cashflow,0.0228,0.66,27131.12,0.015048,12343897.62,2678878.67,1.263,19,0,RG2,strong,Amber,12,cashflow_logistic_scorecard,v1.0,2026-04-09,0.6,0.0,0.0,0.0,-0.01,0.0,0.01,0.6,1.1,0.66
FAC-00010,BOR-0010,Borrower 0010,SME Cash Flow Term Loan,Wholesale Trade,WA,term,Receivables Security,24,633834.18,620544.98,13289.20000000007,not_applicable,0.0,620544.98,0.0883,728,B,RG2,cashflow,0.0232,0.55,7918.15,0.01276,22462812.57,2386234.23,1.771,19,0,RG2,strong,Amber,12,cashflow_logistic_scorecard,v1.0,2026-04-09,0.5,0.0,0.0,0.0,-0.01,0.0,0.01,0.5,1.1,0.55
FAC-00011,BOR-0011,Borrower 0011,SME Cash Flow Term Loan,Retail Trade,QLD,term,Unsecured,48,1536388.12,1309889.22,226498.90000000014,not_applicable,0.0,1309889.22,0.0924,672,C,RG3,cashflow,0.0436,0.682,38949.82,0.029735,12544471.58,1567410.16,1.98,21,0,RG3,average,Amber,12,cashflow_logistic_scorecard,v1.0,2026-04-09,0.6,0.0,0.0,0.01,0.0,0.0,0.01,0.62,1.1,0.682
FAC-00012,BOR-0012,Borrower 0012,Property Backed Loan,Retail Trade,VIC,term,Commercial Property,36,4126824.49,3901495.43,225329.06000000006,not_applicable,0.0,3901495.43,0.0787,675,C,RG3,property,0.0403,0.3132,49244.52,0.012622,17806700.63,875552.59,1.274,13,0,RG3,average,Green,12,property_logistic_scorecard,v1.0,2026-04-09,0.28,0.0,0.0,0.01,0.0,0.0,0.0,0.29,1.08,0.3132
FAC-00013,BOR-0013,Borrower 0013,Overdraft / Revolving Working Capital,"Transport, Postal and Warehousing",VIC,revolving,General Security Agreement,24,821079.98,381953.51,439126.47,average,0.5,601516.74,0.1056,675,C,RG3,cashflow,0.0484,0.616,17933.86,0.029814,9571410.45,933848.49,1.465,8,0,RG3,average,Green,12,cashflow_logistic_scorecard,v1.0,2026-04-09,0.55,0.0,0.0,0.01,0.0,0.0,0.0,0.56,1.1,0.616
FAC-00014,BOR-0014,Borrower 0014,Overdraft / Revolving Working Capital,"Transport, Postal and Warehousing",NSW,revolving,Unsecured,12,1026325.77,531786.57,494539.20000000007,average,0.5,779056.17,0.1119,675,C,RG3,cashflow,0.0484,0.759,28619.1,0.036736,7686482.95,1224711.89,1.66,9,0,RG3,average,Green,12,cashflow_logistic_scorecard,v1.0,2026-04-09,0.68,0.0,0.0,0.01,0.0,0.0,0.0,0.69,1.1,0.759
FAC-00015,BOR-0015,Borrower 0015,SME Cash Flow Term Loan,Health Care and Social Assistance,NSW,term,Unsecured,48,691978.0,558350.56,133627.43999999994,not_applicable,0.0,558350.56,0.0896,724,B,RG2,cashflow,0.0228,0.66,8402.06,0.015048,34367108.84,6598339.97,1.724,26,0,RG2,strong,Amber,12,cashflow_logistic_scorecard,v1.0,2026-04-09,0.6,0.0,0.0,0.0,-0.01,0.0,0.01,0.6,1.1,0.66
FAC-00016,BOR-0016,Borrower 0016,SME Cash Flow Term Loan,Health Care and Social Assistance,VIC,term,Receivables Security,36,699495.22,661131.31,38363.909999999916,not_applicable,0.0,661131.31,0.0952,666,C,RG3,cashflow,0.0465,0.572,17584.77,0.026598,20057890.05,3635491.5,1.233,31,0,RG3,average,Amber,12,cashflow_logistic_scorecard,v1.0,2026-04-09,0.5,0.0,0.0,0.0,0.0,0.01,0.01,0.52,1.1,0.572
FAC-00017,BOR-0017,Borrower 0017,Overdraft / Revolving Working Capital,Accommodation and Food Services,VIC,revolving,General Security Agreement,24,877277.26,557324.42,319952.83999999997,weak,0.75,797289.05,0.1279,490,E,RG5,cashflow,0.2226,0.715,126895.73,0.159159,3111092.24,289611.6,1.382,69,1,RG5,weak,Red,12,cashflow_logistic_scorecard,v1.0,2026-04-09,0.55,0.0,0.0,0.02,0.05,0.0,0.03,0.65,1.1,0.715
FAC-00018,BOR-0018,Borrower 0018,Property Backed Loan,"Agriculture, Forestry and Fishing",WA,term,Commercial Property,60,5061857.38,4856160.8,205696.58000000007,not_applicable,0.0,4856160.8,0.0701,730,B,RG2,property,0.0218,0.324,34300.03,0.007063,6735389.58,991420.0,1.398,13,0,RG2,strong,Green,12,property_logistic_scorecard,v1.0,2026-04-09,0.28,0.0,0.0,0.02,0.0,0.0,0.0,0.3,1.08,0.324
FAC-00019,BOR-0019,Borrower 0019,SME Cash Flow Term Loan,Retail Trade,VIC,term,Unsecured,36,486875.68,359624.14,127251.53999999998,not_applicable,0.0,359624.14,0.1005,595,D,RG4,cashflow,0.0919,0.737,24357.45,0.06773,4529336.17,376062.03,1.068,42,0,RG4,weak,Amber,12,cashflow_logistic_scorecard,v1.0,2026-04-09,0.6,0.0,0.0,0.01,0.02,0.03,0.01,0.67,1.1,0.737
FAC-00020,BOR-0020,Borrower 0020,SME Cash Flow Term Loan,Construction,QLD,term,General Security Agreement,24,642943.31,472529.22,170414.09000000008,not_applicable,0.0,472529.22,0.0901,665,C,RG3,cashflow,0.0481,0.495,11250.68,0.023809,24558619.86,2723171.66,1.338,34,0,RG3,average,Amber,12,cashflow_logistic_scorecard,v1.0,2026-04-09,0.42,0.0,0.0,0.02,0.0,0.0,0.01,0.45,1.1,0.495
FAC-00021,BOR-0021,Borrower 0021,SME Cash Flow Term Loan,Accommodation and Food Services,NSW,term,General Security Agreement,24,1535273.47,1284338.36,250935.10999999987,not_applicable,0.0,1284338.36,0.086,660,C,RG3,cashflow,0.0485,0.495,30833.75,0.024007,8753564.02,1349024.83,1.897,42,0,RG3,average,Amber,12,cashflow_logistic_scorecard,v1.0,2026-04-09,0.42,0.0,0.0,0.02,0.0,0.0,0.01,0.45,1.1,0.495
FAC-00022,BOR-0022,Borrower 0022,Overdraft / Revolving Working Capital,"Agriculture, Forestry and Fishing",SA,revolving,Unsecured,24,1191268.56,761360.55,429908.01,weak,0.75,1083791.56,0.1041,655,C,RG3,cashflow,0.0529,0.814,46668.71,0.043061,12728151.65,1197817.29,1.084,52,0,RG3,weak,Amber,12,cashflow_logistic_scorecard,v1.0,2026-04-09,0.68,0.0,0.0,0.02,0.0,0.03,0.01,0.74,1.1,0.814
FAC-00023,BOR-0023,Borrower 0023,Property Backed Loan,Retail Trade,VIC,term,Commercial Property,48,2792891.53,2364221.75,428669.7799999998,not_applicable,0.0,2364221.75,0.0829,730,B,RG2,property,0.0216,0.3132,15994.24,0.006765,9611630.32,615826.91,1.334,13,0,RG2,strong,Green,12,property_logistic_scorecard,v1.0,2026-04-09,0.28,0.0,0.0,0.01,0.0,0.0,0.0,0.29,1.08,0.3132
FAC-00024,BOR-0024,Borrower 0024,SME Cash Flow Term Loan,Wholesale Trade,QLD,term,Receivables Security,36,2059881.61,1790371.31,269510.30000000005,not_applicable,0.0,1790371.31,0.0917,730,B,RG2,cashflow,0.0232,0.539,22388.24,0.012505,24736699.68,2630251.07,1.861,6,0,RG2,strong,Green,12,cashflow_logistic_scorecard,v1.0,2026-04-09,0.5,0.0,0.0,0.0,-0.01,0.0,0.0,0.49,1.1,0.539
FAC-00025,BOR-0025,Borrower 0025,SME Cash Flow Term Loan,Construction,WA,term,Unsecured,24,559167.84,552729.84,6438.0,not_applicable,0.0,552729.84,0.0843,730,B,RG2,cashflow,0.0236,0.671,8752.81,0.015836,27597546.44,3686247.02,1.482,10,0,RG2,strong,Green,12,cashflow_logistic_scorecard,v1.0,2026-04-09,0.6,0.0,0.0,0.02,-0.01,0.0,0.0,0.61,1.1,0.671
FAC-00026,BOR-0026,Borrower 0026,Property Backed Loan,"Professional, Scientific and Technical Services",NSW,term,Commercial Property,36,3062918.34,2770490.36,292427.98,not_applicable,0.0,2770490.36,0.0769,780,A,RG1,property,0.0115,0.3024,9634.66,0.003478,17934246.87,4864332.57,1.829,0,0,RG1,strong,Green,12,property_logistic_scorecard,v1.0,2026-04-09,0.28,0.0,0.0,0.0,0.0,0.0,0.0,0.28,1.08,0.3024
FAC-00027,BOR-0027,Borrower 0027,Property Backed Loan,Health Care and Social Assistance,QLD,term,Residential Investment Property,60,2335007.67,2287544.69,47462.97999999998,not_applicable,0.0,2287544.69,0.0755,723,B,RG2,property,0.021,0.2268,10895.12,0.004763,9598452.61,1419179.66,1.312,27,0,RG2,strong,Amber,12,property_logistic_scorecard,v1.0,2026-04-09,0.2,0.0,0.0,0.0,0.0,0.0,0.01,0.21,1.08,0.2268
FAC-00028,BOR-0028,Borrower 0028,Overdraft / Revolving Working Capital,Health Care and Social Assistance,NSW,revolving,Unsecured,12,771117.39,400488.89,370628.5,weak,0.75,678460.26,0.097,657,C,RG3,cashflow,0.0515,0.759,26519.99,0.039088,26714566.42,4793722.53,1.269,48,0,RG3,weak,Amber,12,cashflow_logistic_scorecard,v1.0,2026-04-09,0.68,0.0,0.0,0.0,0.0,0.0,0.01,0.69,1.1,0.759
FAC-00029,BOR-0029,Borrower 0029,Property Backed Loan,"Agriculture, Forestry and Fishing",WA,term,Commercial Property,60,5039697.31,4329461.87,710235.4399999995,not_applicable,0.0,4329461.87,0.0741,725,B,RG2,property,0.0218,0.3348,31599.18,0.007299,9759439.55,1227468.12,1.48,24,0,RG2,strong,Amber,12,property_logistic_scorecard,v1.0,2026-04-09,0.28,0.0,0.0,0.02,0.0,0.0,0.01,0.31,1.08,0.3348
FAC-00030,BOR-0030,Borrower 0030,Overdraft / Revolving Working Capital,Accommodation and Food Services,NSW,revolving,General Security Agreement,12,1355846.76,492239.86,863606.9,weak,0.75,1139945.04,0.1039,661,C,RG3,cashflow,0.0535,0.638,38909.74,0.034133,4829995.95,403378.91,1.38,40,0,RG3,average,Amber,12,cashflow_logistic_scorecard,v1.0,2026-04-09,0.55,0.0,0.0,0.02,0.0,0.0,0.01,0.58,1.1,0.638
FAC-00031,BOR-0031,Borrower 0031,SME Cash Flow Term Loan,Manufacturing,NSW,term,Unsecured,24,786743.85,753570.38,33173.46999999997,not_applicable,0.0,753570.38,0.1167,484,E,RG5,cashflow,0.2035,0.803,123141.31,0.16341,22086149.85,2745920.85,0.951,80,1,RG5,weak,Red,12,cashflow_logistic_scorecard,v1.0,2026-04-09,0.6,0.0,0.0,0.02,0.05,0.03,0.03,0.73,1.1,0.803
FAC-00032,BOR-0032,Borrower 0032,SME Cash Flow Term Loan,"Agriculture, Forestry and Fishing",WA,term,Receivables Security,36,2165044.97,1652924.45,512120.52000000025,not_applicable,0.0,1652924.45,0.0946,664,C,RG3,cashflow,0.048,0.583,46255.44,0.027984,16296478.24,2212199.79,1.65,35,0,RG3,average,Amber,12,cashflow_logistic_scorecard,v1.0,2026-04-09,0.5,0.0,0.0,0.02,0.0,0.0,0.01,0.53,1.1,0.583
FAC-00033,BOR-0033,Borrower 0033,Property Backed Loan,"Agriculture, Forestry and Fishing",NSW,term,Residential Investment Property,60,1452203.16,1188402.03,263801.1299999999,not_applicable,0.0,1188402.03,0.0806,672,C,RG3,property,0.0406,0.2484,11985.08,0.010085,17421973.23,2347063.0,1.419,21,0,RG3,average,Amber,12,property_logistic_scorecard,v1.0,2026-04-09,0.2,0.0,0.0,0.02,0.0,0.0,0.01,0.23,1.08,0.2484
FAC-00034,BOR-0034,Borrower 0034,Property Backed Loan,Manufacturing,QLD,term,Residential Investment Property,60,1316414.44,1186972.13,129442.31000000006,not_applicable,0.0,1186972.13,0.0773,722,B,RG2,property,0.0219,0.2484,6457.08,0.00544,16439981.38,1857079.63,1.5,29,0,RG2,strong,Amber,12,property_logistic_scorecard,v1.0,2026-04-09,0.2,0.0,0.0,0.02,0.0,0.0,0.01,0.23,1.08,0.2484
FAC-00035,BOR-0035,Borrower 0035,Property Backed Loan,"Transport, Postal and Warehousing",QLD,term,Commercial Property,60,3735684.37,3225420.45,510263.9199999999,not_applicable,0.0,3225420.45,0.0767,726,B,RG2,property,0.0215,0.324,22468.28,0.006966,14143614.22,1491162.41,1.33,23,0,RG2,strong,Amber,12,property_logistic_scorecard,v1.0,2026-04-09,0.28,0.0,0.0,0.01,0.0,0.0,0.01,0.3,1.08,0.324
FAC-00036,BOR-0036,Borrower 0036,SME Cash Flow Term Loan,"Agriculture, Forestry and Fishing",VIC,term,General Security Agreement,48,1658528.08,1361625.11,296902.97,not_applicable,0.0,1361625.11,0.0899,666,C,RG3,cashflow,0.048,0.495,32352.21,0.02376,12055936.4,2108513.69,1.622,32,0,RG3,average,Amber,12,cashflow_logistic_scorecard,v1.0,2026-04-09,0.42,0.0,0.0,0.02,0.0,0.0,0.01,0.45,1.1,0.495
FAC-00037,BOR-0037,Borrower 0037,SME Cash Flow Term Loan,Accommodation and Food Services,SA,term,Unsecured,36,375027.81,299486.41,75541.40000000002,not_applicable,0.0,299486.41,0.0925,727,B,RG2,cashflow,0.0238,0.682,4861.14,0.016232,4141761.28,435279.43,1.367,20,0,RG2,strong,Amber,12,cashflow_logistic_scorecard,v1.0,2026-04-09,0.6,0.0,0.0,0.02,-0.01,0.0,0.01,0.62,1.1,0.682
FAC-00038,BOR-0038,Borrower 0038,SME Cash Flow Term Loan,Wholesale Trade,VIC,term,General Security Agreement,36,2406465.66,2403409.57,3056.0900000003166,not_applicable,0.0,2403409.57,0.0927,666,C,RG3,cashflow,0.0473,0.484,55021.74,0.022893,19734043.88,1168842.56,1.105,31,0,RG3,average,Amber,12,cashflow_logistic_scorecard,v1.0,2026-04-09,0.42,0.0,0.0,0.0,0.0,0.01,0.01,0.44,1.1,0.484
FAC-00039,BOR-0039,Borrower 0039,SME Cash Flow Term Loan,Health Care and Social Assistance,QLD,term,General Security Agreement,48,2131684.65,2125198.45,6486.199999999721,not_applicable,0.0,2125198.45,0.0935,661,C,RG3,cashflow,0.0465,0.473,46742.68,0.021995,27712381.81,6347716.61,1.548,41,0,RG3,average,Amber,12,cashflow_logistic_scorecard,v1.0,2026-04-09,0.42,0.0,0.0,0.0,0.0,0.0,0.01,0.43,1.1,0.473
FAC-00040,BOR-0040,Borrower 0040,Property Backed Loan,Construction,QLD,term,Commercial Property,48,5489069.92,4440272.33,1048797.5899999999,not_applicable,0.0,4440272.33,0.0727,714,B,RG2,property,0.0241,0.3348,35827.14,0.008069,11845119.59,923187.17,1.288,44,0,RG2,strong,Amber,12,property_logistic_scorecard,v1.0,2026-04-09,0.28,0.0,0.0,0.02,0.0,0.0,0.01,0.31,1.08,0.3348
FAC-00041,BOR-0041,Borrower 0041,Property Backed Loan,Construction,WA,term,Residential Investment Property,60,819596.65,715771.52,103825.13,not_applicable,0.0,715771.52,0.079,667,C,RG3,property,0.0448,0.2808,9004.29,0.01258,15692340.71,1942047.15,1.399,30,0,RG3,average,Amber,12,property_logistic_scorecard,v1.0,2026-04-09,0.2,0.03,0.0,0.02,0.0,0.0,0.01,0.26,1.08,0.2808
FAC-00042,BOR-0042,Borrower 0042,Overdraft / Revolving Working Capital,Accommodation and Food Services,VIC,revolving,General Security Agreement,12,1384272.74,877455.2,506817.54000000004,weak,0.75,1257568.36,0.1148,594,D,RG4,cashflow,0.103,0.671,86914.32,0.069113,3480772.2,291606.88,1.198,44,0,RG4,weak,Amber,12,cashflow_logistic_scorecard,v1.0,2026-04-09,0.55,0.0,0.0,0.02,0.02,0.01,0.01,0.61,1.1,0.671
FAC-00043,BOR-0043,Borrower 0043,Property Backed Loan,Construction,NSW,term,Residential Investment Property,60,3985733.75,3971230.42,14503.330000000075,not_applicable,0.0,3971230.42,0.0789,730,B,RG2,property,0.0219,0.2376,20664.06,0.005203,21856522.76,2728680.69,1.497,0,0,RG2,strong,Green,12,property_logistic_scorecard,v1.0,2026-04-09,0.2,0.0,0.0,0.02,0.0,0.0,0.0,0.22,1.08,0.2376
FAC-00044,BOR-0044,Borrower 0044,Overdraft / Revolving Working Capital,Construction,SA,revolving,General Security Agreement,12,1457741.16,1156076.4,301664.76,weak,0.75,1382324.97,0.1173,604,D,RG4,cashflow,0.0943,0.693,90334.8,0.06535,12931470.18,1372524.63,1.028,26,0,RG4,weak,Amber,12,cashflow_logistic_scorecard,v1.0,2026-04-09,0.55,0.0,0.0,0.02,0.02,0.03,0.01,0.63,1.1,0.693
FAC-00045,BOR-0045,Borrower 0045,Property Backed Loan,Retail Trade,SA,term,Residential Investment Property,48,966506.0,880576.22,85929.78000000003,not_applicable,0.0,880576.22,0.0703,730,B,RG2,property,0.0216,0.2268,4313.84,0.004899,23725361.44,2540657.41,1.57,0,0,RG2,strong,Green,12,property_logistic_scorecard,v1.0,2026-04-09,0.2,0.0,0.0,0.01,0.0,0.0,0.0,0.21,1.08,0.2268
FAC-00046,BOR-0046,Borrower 0046,Overdraft / Revolving Working Capital,"Professional, Scientific and Technical Services",NSW,revolving,Unsecured,24,168549.19,76781.04,91768.15000000001,weak,0.75,145607.15,0.1119,589,D,RG4,cashflow,0.0994,0.792,11462.89,0.078725,11163365.52,2705070.67,1.1,54,0,RG4,weak,Amber,12,cashflow_logistic_scorecard,v1.0,2026-04-09,0.68,0.0,0.0,0.0,0.02,0.01,0.01,0.72,1.1,0.792
FAC-00047,BOR-0047,Borrower 0047,Overdraft / Revolving Working Capital,Construction,WA,revolving,Unsecured,24,587243.99,431040.08,156203.90999999997,weak,0.75,548193.01,0.1161,593,D,RG4,cashflow,0.1022,0.836,46837.17,0.085439,22098362.36,1682711.06,1.093,46,0,RG4,weak,Amber,12,cashflow_logistic_scorecard,v1.0,2026-04-09,0.68,0.0,0.0,0.02,0.02,0.03,0.01,0.76,1.1,0.836
FAC-00048,BOR-0048,Borrower 0048,Property Backed Loan,Retail Trade,QLD,term,Commercial Property,60,2743680.73,2270023.36,473657.3700000001,not_applicable,0.0,2270023.36,0.0753,730,B,RG2,property,0.0216,0.3132,15356.98,0.006765,18255108.63,2567491.16,1.771,0,0,RG2,strong,Green,12,property_logistic_scorecard,v1.0,2026-04-09,0.28,0.0,0.0,0.01,0.0,0.0,0.0,0.29,1.08,0.3132
FAC-00049,BOR-0049,Borrower 0049,SME Cash Flow Term Loan,"Agriculture, Forestry and Fishing",NSW,term,General Security Agreement,48,1269879.81,1139934.63,129945.18000000017,not_applicable,0.0,1139934.63,0.0802,730,B,RG2,cashflow,0.0235,0.473,12670.94,0.011115,9961511.36,1848314.89,1.509,11,0,RG2,strong,Green,12,cashflow_logistic_scorecard,v1.0,2026-04-09,0.42,0.0,0.0,0.02,-0.01,0.0,0.0,0.43,1.1,0.473
FAC-00050,BOR-0050,Borrower 0050,SME Cash Flow Term Loan,Wholesale Trade,SA,term,Receivables Security,48,1579175.79,1425937.27,153238.52000000002,not_applicable,0.0,1425937.27,0.0947,662,C,RG3,cashflow,0.0473,0.561,37837.67,0.026535,11044801.68,762701.69,1.35,38,0,RG3,average,Amber,12,cashflow_logistic_scorecard,v1.0,2026-04-09,0.5,0.0,0.0,0.0,0.0,0.0,0.01,0.51,1.1,0.561
FAC-00051,BOR-0051,Borrower 0051,Overdraft / Revolving Working Capital,Construction,WA,revolving,General Security Agreement,12,1492582.45,975505.42,517077.0299999999,weak,0.75,1363313.19,0.1033,662,C,RG3,cashflow,0.053,0.638,46099.07,0.033814,40068631.49,5419636.01,1.486,39,0,RG3,average,Amber,12,cashflow_logistic_scorecard,v1.0,2026-04-09,0.55,0.0,0.0,0.02,0.0,0.0,0.01,0.58,1.1,0.638
FAC-00052,BOR-0052,Borrower 0052,Property Backed Loan,"Professional, Scientific and Technical Services",SA,term,Residential Investment Property,48,1066514.76,861974.1,204540.66000000003,not_applicable,0.0,861974.1,0.0708,780,A,RG1,property,0.0115,0.2268,2248.2,0.002608,7163712.1,1237887.74,1.582,15,0,RG1,strong,Amber,12,property_logistic_scorecard,v1.0,2026-04-09,0.2,0.0,0.0,0.0,0.0,0.0,0.01,0.21,1.08,0.2268
FAC-00053,BOR-0053,Borrower 0053,SME Cash Flow Term Loan,"Transport, Postal and Warehousing",WA,term,General Security Agreement,24,1136783.0,951090.29,185692.70999999996,not_applicable,0.0,951090.29,0.0957,662,C,RG3,cashflow,0.0475,0.495,22362.51,0.023512,6358011.6,860636.61,1.19,38,0,RG3,average,Amber,12,cashflow_logistic_scorecard,v1.0,2026-04-09,0.42,0.0,0.0,0.01,0.0,0.01,0.01,0.45,1.1,0.495
FAC-00054,BOR-0054,Borrower 0054,Overdraft / Revolving Working Capital,"Agriculture, Forestry and Fishing",QLD,revolving,General Security Agreement,24,439475.99,248716.4,190759.59,weak,0.75,391786.09,0.1068,661,C,RG3,cashflow,0.0529,0.638,13222.86,0.03375,13095963.84,1529838.36,1.349,40,0,RG3,average,Amber,12,cashflow_logistic_scorecard,v1.0,2026-04-09,0.55,0.0,0.0,0.02,0.0,0.0,0.01,0.58,1.1,0.638
FAC-00055,BOR-0055,Borrower 0055,SME Cash Flow Term Loan,Construction,NSW,term,Unsecured,48,270834.51,209281.99,61552.52000000002,not_applicable,0.0,209281.99,0.0934,658,C,RG3,cashflow,0.0481,0.693,6976.06,0.033333,7802887.17,833323.99,1.416,45,0,RG3,weak,Amber,12,cashflow_logistic_scorecard,v1.0,2026-04-09,0.6,0.0,0.0,0.02,0.0,0.0,0.01,0.63,1.1,0.693
FAC-00056,BOR-0056,Borrower 0056,Overdraft / Revolving Working Capital,"Agriculture, Forestry and Fishing",QLD,revolving,Unsecured,12,1297688.16,602670.48,695017.6799999999,weak,0.75,1123933.74,0.1084,655,C,RG3,cashflow,0.0529,0.781,46435.21,0.041315,17821640.04,2568117.19,1.625,52,0,RG3,weak,Amber,12,cashflow_logistic_scorecard,v1.0,2026-04-09,0.68,0.0,0.0,0.02,0.0,0.0,0.01,0.71,1.1,0.781
FAC-00057,BOR-0057,Borrower 0057,Overdraft / Revolving Working Capital,Manufacturing,WA,revolving,General Security Agreement,24,544689.89,209786.64,334903.25,average,0.5,377238.26,0.1104,675,C,RG3,cashflow,0.0491,0.627,11613.54,0.030786,17702895.25,1775028.78,1.571,10,0,RG3,average,Green,12,cashflow_logistic_scorecard,v1.0,2026-04-09,0.55,0.0,0.0,0.02,0.0,0.0,0.0,0.57,1.1,0.627
FAC-00058,BOR-0058,Borrower 0058,Overdraft / Revolving Working Capital,"Agriculture, Forestry and Fishing",NSW,revolving,General Security Agreement,12,1070333.6,457915.23,612418.3700000001,average,0.5,764124.42,0.105,669,C,RG3,cashflow,0.0488,0.638,23790.56,0.031134,10624735.75,1907381.84,1.347,26,0,RG3,average,Amber,12,cashflow_logistic_scorecard,v1.0,2026-04-09,0.55,0.0,0.0,0.02,0.0,0.0,0.01,0.58,1.1,0.638
FAC-00059,BOR-0059,Borrower 0059,Overdraft / Revolving Working Capital,"Agriculture, Forestry and Fishing",SA,revolving,General Security Agreement,12,482462.07,179829.95,302632.12,weak,0.75,406804.04,0.1181,602,D,RG4,cashflow,0.1019,0.671,27815.19,0.068375,7240620.95,1086426.02,1.16,30,0,RG4,weak,Amber,12,cashflow_logistic_scorecard,v1.0,2026-04-09,0.55,0.0,0.0,0.02,0.02,0.01,0.01,0.61,1.1,0.671
FAC-00060,BOR-0060,Borrower 0060,SME Cash Flow Term Loan,Construction,WA,term,General Security Agreement,36,1774646.72,1638381.35,136265.36999999988,not_applicable,0.0,1638381.35,0.0997,596,D,RG4,cashflow,0.0927,0.55,83532.87,0.050985,21235421.15,2217366.5,1.04,41,0,RG4,weak,Amber,12,cashflow_logistic_scorecard,v1.0,2026-04-09,0.42,0.0,0.0,0.02,0.02,0.03,0.01,0.5,1.1,0.55
FAC-00061,BOR-0061,Borrower 0061,Property Backed Loan,Wholesale Trade,QLD,term,Residential Investment Property,48,2672539.82,2502877.16,169662.65999999968,not_applicable,0.0,2502877.16,0.0761,730,B,RG2,property,0.0214,0.2268,12147.76,0.004854,26814598.51,1691194.91,1.408,15,0,RG2,strong,Amber,12,property_logistic_scorecard,v1.0,2026-04-09,0.2,0.0,0.0,0.0,0.0,0.0,0.01,0.21,1.08,0.2268
FAC-00062,BOR-0062,Borrower 0062,Property Backed Loan,Manufacturing,NSW,term,Residential Investment Property,60,3634636.0,2983756.36,650879.6400000001,not_applicable,0.0,2983756.36,0.1047,490,E,RG5,property,0.2035,0.3672,222961.79,0.074725,21817282.69,2381428.11,0.75,70,1,RG5,weak,Red,12,property_logistic_scorecard,v1.0,2026-04-09,0.2,0.06,0.0,0.02,0.0,0.03,0.03,0.34,1.08,0.3672
FAC-00063,BOR-0063,Borrower 0063,Overdraft / Revolving Working Capital,"Transport, Postal and Warehousing",VIC,revolving,Unsecured,12,652481.84,322071.31,330410.52999999997,average,0.5,487276.57,0.1051,672,C,RG3,cashflow,0.0484,0.77,18159.82,0.037268,24532897.02,3410969.7,1.822,21,0,RG3,average,Amber,12,cashflow_logistic_scorecard,v1.0,2026-04-09,0.68,0.0,0.0,0.01,0.0,0.0,0.01,0.7,1.1,0.77
FAC-00064,BOR-0064,Borrower 0064,SME Cash Flow Term Loan,Construction,WA,term,Receivables Security,24,1013824.95,1001021.91,12803.03999999992,not_applicable,0.0,1001021.91,0.0876,670,C,RG3,cashflow,0.044,0.583,25678.21,0.025652,13285241.93,969327.22,1.447,25,0,RG3,average,Amber,12,cashflow_logistic_scorecard,v1.0,2026-04-09,0.5,0.0,0.0,0.02,0.0,0.0,0.01,0.53,1.1,0.583
FAC-00065,BOR-0065,Borrower 0065,Property Backed Loan,"Agriculture, Forestry and Fishing",QLD,term,Commercial Property,36,3148202.37,3122596.37,25606.0,not_applicable,0.0,3122596.37,0.0798,728,B,RG2,property,0.0218,0.3348,22790.71,0.007299,10374275.2,1122045.89,1.403,18,0,RG2,strong,Amber,12,property_logistic_scorecard,v1.0,2026-04-09,0.28,0.0,0.0,0.02,0.0,0.0,0.01,0.31,1.08,0.3348
FAC-00066,BOR-0066,Borrower 0066,Overdraft / Revolving Working Capital,Construction,VIC,revolving,General Security Agreement,24,526253.14,315122.6,211130.54000000004,weak,0.75,473470.5,0.1128,595,D,RG4,cashflow,0.1022,0.693,33533.36,0.070825,6508366.55,724146.24,1.037,42,0,RG4,weak,Amber,12,cashflow_logistic_scorecard,v1.0,2026-04-09,0.55,0.0,0.0,0.02,0.02,0.03,0.01,0.63,1.1,0.693
FAC-00067,BOR-0067,Borrower 0067,Overdraft / Revolving Working Capital,Wholesale Trade,QLD,revolving,General Security Agreement,12,619753.69,329823.45,289930.23999999993,weak,0.75,547271.13,0.1239,489,E,RG5,cashflow,0.2179,0.704,83952.27,0.153402,21589301.84,1328652.65,1.126,72,1,RG5,weak,Red,12,cashflow_logistic_scorecard,v1.0,2026-04-09,0.55,0.0,0.0,0.0,0.05,0.01,0.03,0.64,1.1,0.704
FAC-00068,BOR-0068,Borrower 0068,SME Cash Flow Term Loan,Health Care and Social Assistance,NSW,term,General Security Agreement,48,1262183.42,995449.37,266734.04999999993,not_applicable,0.0,995449.37,0.0857,715,B,RG2,cashflow,0.025,0.462,11497.44,0.01155,20176051.94,3911271.47,1.366,43,0,RG2,strong,Amber,12,cashflow_logistic_scorecard,v1.0,2026-04-09,0.42,0.0,0.0,0.0,-0.01,0.0,0.01,0.42,1.1,0.462
FAC-00069,BOR-0069,Borrower 0069,Overdraft / Revolving Working Capital,"Agriculture, Forestry and Fishing",SA,revolving,General Security Agreement,12,786851.08,462971.81,323879.26999999996,weak,0.75,705881.26,0.1152,594,D,RG4,cashflow,0.1019,0.671,48264.56,0.068375,8865729.23,904026.43,1.223,45,0,RG4,weak,Amber,12,cashflow_logistic_scorecard,v1.0,2026-04-09,0.55,0.0,0.0,0.02,0.02,0.01,0.01,0.61,1.1,0.671
FAC-00070,BOR-0070,Borrower 0070,Property Backed Loan,Accommodation and Food Services,SA,term,Commercial Property,36,1154243.21,1135047.78,19195.429999999935,not_applicable,0.0,1135047.78,0.0775,723,B,RG2,property,0.0221,0.3348,8398.31,0.007399,5779104.03,678074.91,1.477,28,0,RG2,strong,Amber,12,property_logistic_scorecard,v1.0,2026-04-09,0.28,0.0,0.0,0.02,0.0,0.0,0.01,0.31,1.08,0.3348
FAC-00071,BOR-0071,Borrower 0071,Overdraft / Revolving Working Capital,Wholesale Trade,QLD,revolving,Unsecured,24,577941.89,215311.1,362630.79000000004,weak,0.75,487284.19,0.101,666,C,RG3,cashflow,0.0522,0.759,19306.1,0.03962,25992533.23,2868695.59,1.465,31,0,RG3,average,Amber,12,cashflow_logistic_scorecard,v1.0,2026-04-09,0.68,0.0,0.0,0.0,0.0,0.0,0.01,0.69,1.1,0.759
FAC-00072,BOR-0072,Borrower 0072,Property Backed Loan,Wholesale Trade,WA,term,Commercial Property,36,841347.09,750189.16,91157.92999999993,not_applicable,0.0,750189.16,0.0864,656,C,RG3,property,0.044,0.3564,11764.17,0.015682,6150296.29,308694.1,1.123,50,0,RG3,weak,Amber,12,property_logistic_scorecard,v1.0,2026-04-09,0.28,0.03,0.0,0.0,0.0,0.01,0.01,0.33,1.08,0.3564
FAC-00073,BOR-0073,Borrower 0073,Property Backed Loan,Construction,QLD,term,Residential Investment Property,36,2384925.04,1992478.71,392446.3300000001,not_applicable,0.0,1992478.71,0.0879,669,C,RG3,property,0.0407,0.2484,20143.72,0.01011,36291327.99,2535946.9,1.396,26,0,RG3,average,Amber,12,property_logistic_scorecard,v1.0,2026-04-09,0.2,0.0,0.0,0.02,0.0,0.0,0.01,0.23,1.08,0.2484
FAC-00074,BOR-0074,Borrower 0074,SME Cash Flow Term Loan,Health Care and Social Assistance,WA,term,Receivables Security,48,1869510.7,1612455.9,257054.80000000005,not_applicable,0.0,1612455.9,0.087,730,B,RG2,cashflow,0.0228,0.539,19815.79,0.012289,27129322.18,4348398.61,1.387,13,0,RG2,strong,Green,12,cashflow_logistic_scorecard,v1.0,2026-04-09,0.5,0.0,0.0,0.0,-0.01,0.0,0.0,0.49,1.1,0.539
FAC-00075,BOR-0075,Borrower 0075,SME Cash Flow Term Loan,Retail Trade,WA,term,Receivables Security,48,294474.5,238946.36,55528.140000000014,not_applicable,0.0,238946.36,0.0857,729,B,RG2,cashflow,0.0234,0.572,3198.25,0.013385,18259325.12,1753172.79,1.222,17,0,RG2,strong,Amber,12,cashflow_logistic_scorecard,v1.0,2026-04-09,0.5,0.0,0.0,0.01,-0.01,0.01,0.01,0.52,1.1,0.572
FAC-00076,BOR-0076,Borrower 0076,SME Cash Flow Term Loan,Manufacturing,VIC,term,General Security Agreement,48,1469677.83,1346797.34,122880.48999999999,not_applicable,0.0,1346797.34,0.0938,670,C,RG3,cashflow,0.0442,0.495,29466.58,0.021879,34861511.6,4655599.97,1.446,24,0,RG3,average,Amber,12,cashflow_logistic_scorecard,v1.0,2026-04-09,0.42,0.0,0.0,0.02,0.0,0.0,0.01,0.45,1.1,0.495
FAC-00077,BOR-0077,Borrower 0077,Property Backed Loan,Accommodation and Food Services,NSW,term,Residential Investment Property,36,3856250.94,3427391.79,428859.1499999999,not_applicable,0.0,3427391.79,0.0798,660,C,RG3,property,0.0453,0.2484,38566.79,0.011253,12203413.77,1072173.5,1.362,42,0,RG3,average,Amber,12,property_logistic_scorecard,v1.0,2026-04-09,0.2,0.0,0.0,0.02,0.0,0.0,0.01,0.23,1.08,0.2484
FAC-00078,BOR-0078,Borrower 0078,Overdraft / Revolving Working Capital,"Transport, Postal and Warehousing",VIC,revolving,General Security Agreement,24,1170534.12,811373.92,359160.20000000007,average,0.5,990954.02,0.1068,668,C,RG3,cashflow,0.0484,0.627,30072.28,0.030347,18373532.54,2261393.43,1.573,28,0,RG3,average,Amber,12,cashflow_logistic_scorecard,v1.0,2026-04-09,0.55,0.0,0.0,0.01,0.0,0.0,0.01,0.57,1.1,0.627
FAC-00079,BOR-0079,Borrower 0079,Property Backed Loan,Retail Trade,VIC,term,Residential Investment Property,36,1422347.36,1140013.41,282333.9500000002,not_applicable,0.0,1140013.41,0.0723,724,B,RG2,property,0.0216,0.2376,5850.73,0.005132,18474617.91,1727438.94,1.314,26,0,RG2,strong,Amber,12,property_logistic_scorecard,v1.0,2026-04-09,0.2,0.0,0.0,0.01,0.0,0.0,0.01,0.22,1.08,0.2376
FAC-00080,BOR-0080,Borrower 0080,SME Cash Flow Term Loan,Wholesale Trade,NSW,term,Unsecured,36,2456847.58,1816837.26,640010.3200000001,not_applicable,0.0,1816837.26,0.0808,725,B,RG2,cashflow,0.0232,0.66,27819.41,0.015312,10145868.73,1597871.05,2.021,24,0,RG2,strong,Amber,12,cashflow_logistic_scorecard,v1.0,2026-04-09,0.6,0.0,0.0,0.0,-0.01,0.0,0.01,0.6,1.1,0.66
FAC-00081,BOR-0081,Borrower 0081,SME Cash Flow Term Loan,Manufacturing,QLD,term,General Security Agreement,24,1793866.56,1619417.14,174449.42000000016,not_applicable,0.0,1619417.14,0.0975,660,C,RG3,cashflow,0.0483,0.495,38717.83,0.023908,32480324.43,3649990.06,1.369,43,0,RG3,average,Amber,12,cashflow_logistic_scorecard,v1.0,2026-04-09,0.42,0.0,0.0,0.02,0.0,0.0,0.01,0.45,1.1,0.495
FAC-00082,BOR-0082,Borrower 0082,Property Backed Loan,"Transport, Postal and Warehousing",VIC,term,Commercial Property,36,4831051.31,4668844.0,162207.3099999996,not_applicable,0.0,4668844.0,0.0824,661,C,RG3,property,0.0443,0.324,67012.85,0.014353,28677816.94,3473692.01,1.606,41,0,RG3,average,Amber,12,property_logistic_scorecard,v1.0,2026-04-09,0.28,0.0,0.0,0.01,0.0,0.0,0.01,0.3,1.08,0.324
FAC-00083,BOR-0083,Borrower 0083,Overdraft / Revolving Working Capital,"Transport, Postal and Warehousing",NSW,revolving,General Security Agreement,12,194525.87,72706.61,121819.26,weak,0.75,164071.06,0.104,667,C,RG3,cashflow,0.0525,0.627,5400.81,0.032918,15513825.56,2118426.13,1.264,30,0,RG3,average,Amber,12,cashflow_logistic_scorecard,v1.0,2026-04-09,0.55,0.0,0.0,0.01,0.0,0.0,0.01,0.57,1.1,0.627
FAC-00084,BOR-0084,Borrower 0084,Overdraft / Revolving Working Capital,"Agriculture, Forestry and Fishing",VIC,revolving,Unsecured,24,229858.51,121254.2,108604.31000000001,weak,0.75,202707.43,0.1047,601,D,RG4,cashflow,0.1019,0.803,16586.68,0.081826,13622886.04,1589110.41,1.293,31,0,RG4,weak,Amber,12,cashflow_logistic_scorecard,v1.0,2026-04-09,0.68,0.0,0.0,0.02,0.02,0.0,0.01,0.73,1.1,0.803
FAC-00085,BOR-0085,Borrower 0085,SME Cash Flow Term Loan,Construction,VIC,term,General Security Agreement,24,443460.29,341181.31,102278.97999999998,not_applicable,0.0,341181.31,0.0934,668,C,RG3,cashflow,0.044,0.495,7430.93,0.02178,33690506.41,3102843.36,1.458,28,0,RG3,average,Amber,12,cashflow_logistic_scorecard,v1.0,2026-04-09,0.42,0.0,0.0,0.02,0.0,0.0,0.01,0.45,1.1,0.495
FAC-00086,BOR-0086,Borrower 0086,Overdraft / Revolving Working Capital,Manufacturing,SA,revolving,General Security Agreement,24,409117.09,263975.95,145141.14,weak,0.75,372831.81,0.1362,492,E,RG5,cashflow,0.2215,0.748,61771.52,0.165682,9651359.36,984582.74,0.75,65,1,RG5,weak,Red,12,cashflow_logistic_scorecard,v1.0,2026-04-09,0.55,0.0,0.0,0.02,0.05,0.03,0.03,0.68,1.1,0.748
FAC-00087,BOR-0087,Borrower 0087,SME Cash Flow Term Loan,Accommodation and Food Services,NSW,term,General Security Agreement,24,835415.47,699429.63,135985.83999999997,not_applicable,0.0,699429.63,0.0964,654,C,RG3,cashflow,0.0485,0.506,17164.7,0.024541,10913487.06,1065808.81,1.126,53,0,RG3,weak,Amber,12,cashflow_logistic_scorecard,v1.0,2026-04-09,0.42,0.0,0.0,0.02,0.0,0.01,0.01,0.46,1.1,0.506
FAC-00088,BOR-0088,Borrower 0088,Property Backed Loan,Health Care and Social Assistance,SA,term,Commercial Property,36,5419813.24,5036405.64,383407.60000000056,not_applicable,0.0,5036405.64,0.0898,666,C,RG3,property,0.0433,0.3132,68301.52,0.013562,7633172.22,1594316.38,1.569,32,0,RG3,average,Amber,12,property_logistic_scorecard,v1.0,2026-04-09,0.28,0.0,0.0,0.0,0.0,0.0,0.01,0.29,1.08,0.3132
FAC-00089,BOR-0089,Borrower 0089,SME Cash Flow Term Loan,Retail Trade,WA,term,General Security Agreement,36,715716.61,600032.13,115684.47999999998,not_applicable,0.0,600032.13,0.0942,675,C,RG3,cashflow,0.0436,0.473,12374.34,0.020623,5847622.79,724466.05,1.661,13,0,RG3,average,Green,12,cashflow_logistic_scorecard,v1.0,2026-04-09,0.42,0.0,0.0,0.01,0.0,0.0,0.0,0.43,1.1,0.473
FAC-00090,BOR-0090,Borrower 0090,Property Backed Loan,Manufacturing,QLD,term,Residential Investment Property,36,1049070.81,861791.31,187279.5,not_applicable,0.0,861791.31,0.0851,660,C,RG3,property,0.045,0.2484,9633.1,0.011178,8271014.54,1048567.71,1.27,43,0,RG3,average,Amber,12,property_logistic_scorecard,v1.0,2026-04-09,0.2,0.0,0.0,0.02,0.0,0.0,0.01,0.23,1.08,0.2484
FAC-00091,BOR-0001,Borrower 0001,SME Cash Flow Term Loan,Manufacturing,QLD,term,Unsecured,48,1547937.16,1463935.98,84001.17999999993,not_applicable,0.0,1463935.98,0.0953,667,C,RG3,cashflow,0.0442,0.693,44841.24,0.030631,37363573.53,4887972.83,1.541,29,0,RG3,average,Amber,12,cashflow_logistic_scorecard,v1.0,2026-04-09,0.6,0.0,0.0,0.02,0.0,0.0,0.01,0.63,1.1,0.693
FAC-00092,BOR-0002,Borrower 0002,SME Cash Flow Term Loan,Manufacturing,SA,term,Receivables Security,24,1057013.78,882001.29,175012.49,not_applicable,0.0,882001.29,0.0909,730,B,RG2,cashflow,0.0237,0.561,11726.82,0.013296,20695508.0,3100324.66,1.622,0,0,RG2,strong,Green,12,cashflow_logistic_scorecard,v1.0,2026-04-09,0.5,0.0,0.0,0.02,-0.01,0.0,0.0,0.51,1.1,0.561
FAC-00093,BOR-0003,Borrower 0003,Property Backed Loan,Wholesale Trade,QLD,term,Commercial Property,36,2263935.51,1967690.86,296244.6499999997,not_applicable,0.0,1967690.86,0.0755,727,B,RG2,property,0.0214,0.3132,13188.41,0.006702,6694744.67,509831.22,1.578,20,0,RG2,strong,Amber,12,property_logistic_scorecard,v1.0,2026-04-09,0.28,0.0,0.0,0.0,0.0,0.0,0.01,0.29,1.08,0.3132
FAC-00094,BOR-0004,Borrower 0004,Overdraft / Revolving Working Capital,Wholesale Trade,SA,revolving,General Security Agreement,24,173606.39,134628.97,38977.42000000001,average,0.5,154117.68,0.1065,669,C,RG3,cashflow,0.0481,0.616,4566.45,0.02963,15312986.58,2058475.22,1.459,26,0,RG3,average,Amber,12,cashflow_logistic_scorecard,v1.0,2026-04-09,0.55,0.0,0.0,0.0,0.0,0.0,0.01,0.56,1.1,0.616
FAC-00095,BOR-0005,Borrower 0005,SME Cash Flow Term Loan,Wholesale Trade,WA,term,General Security Agreement,36,1297954.24,936516.13,361438.11,not_applicable,0.0,936516.13,0.1152,486,E,RG5,cashflow,0.1999,0.583,109143.18,0.116542,9317007.28,828787.14,1.081,77,1,RG5,weak,Red,12,cashflow_logistic_scorecard,v1.0,2026-04-09,0.42,0.0,0.0,0.0,0.05,0.03,0.03,0.53,1.1,0.583
FAC-00096,BOR-0006,Borrower 0006,Overdraft / Revolving Working Capital,"Professional, Scientific and Technical Services",NSW,revolving,Unsecured,12,1449011.88,1065080.18,383931.69999999995,strong,0.3,1180259.69,0.098,730,B,RG2,cashflow,0.0255,0.737,22181.21,0.018793,5543206.16,1281146.12,1.44,0,0,RG2,strong,Green,12,cashflow_logistic_scorecard,v1.0,2026-04-09,0.68,0.0,0.0,0.0,-0.01,0.0,0.0,0.67,1.1,0.737
FAC-00097,BOR-0007,Borrower 0007,Overdraft / Revolving Working Capital,Health Care and Social Assistance,WA,revolving,General Security Agreement,24,684667.01,276112.23,408554.78,weak,0.75,582528.31,0.1081,566,D,RG4,cashflow,0.1134,0.66,43598.75,0.074844,29408545.53,4909263.86,1.699,50,1,RG4,weak,Red,12,cashflow_logistic_scorecard,v1.0,2026-04-09,0.55,0.0,0.0,0.0,0.02,0.0,0.03,0.6,1.1,0.66
FAC-00098,BOR-0008,Borrower 0008,Property Backed Loan,"Professional, Scientific and Technical Services",QLD,term,Commercial Property,36,3902931.28,3153642.64,749288.6399999997,not_applicable,0.0,3153642.64,0.0795,723,B,RG2,property,0.0211,0.324,21559.56,0.006836,9617251.18,2014634.32,1.195,27,0,RG2,strong,Amber,12,property_logistic_scorecard,v1.0,2026-04-09,0.28,0.0,0.0,0.0,0.0,0.01,0.01,0.3,1.08,0.324
FAC-00099,BOR-0009,Borrower 0009,Property Backed Loan,Retail Trade,SA,term,Commercial Property,60,4084182.07,3979144.33,105037.73999999976,not_applicable,0.0,3979144.33,0.0731,730,B,RG2,property,0.0216,0.3132,26919.39,0.006765,13990971.09,1451661.24,1.865,13,0,RG2,strong,Green,12,property_logistic_scorecard,v1.0,2026-04-09,0.28,0.0,0.0,0.01,0.0,0.0,0.0,0.29,1.08,0.3132
FAC-00100,BOR-0010,Borrower 0010,SME Cash Flow Term Loan,Construction,QLD,term,Unsecured,48,2134320.42,1606932.46,527387.96,not_applicable,0.0,1606932.46,0.092,670,C,RG3,cashflow,0.044,0.693,48998.58,0.030492,5966938.08,733834.28,1.359,24,0,RG3,average,Amber,12,cashflow_logistic_scorecard,v1.0,2026-04-09,0.6,0.0,0.0,0.02,0.0,0.0,0.01,0.63,1.1,0.693
FAC-00101,BOR-0011,Borrower 0011,Property Backed Loan,"Transport, Postal and Warehousing",NSW,term,Commercial Property,36,1541499.2,1321387.7,220111.5,not_applicable,0.0,1321387.7,0.0819,665,C,RG3,property,0.0443,0.3672,21494.96,0.016267,5258986.51,648885.87,1.12,33,0,RG3,average,Amber,12,property_logistic_scorecard,v1.0,2026-04-09,0.28,0.03,0.0,0.01,0.0,0.01,0.01,0.34,1.08,0.3672
FAC-00102,BOR-0012,Borrower 0012,Overdraft / Revolving Working Capital,"Transport, Postal and Warehousing",VIC,revolving,Unsecured,12,1460525.35,974429.28,486096.07000000007,average,0.5,1217477.32,0.1007,675,C,RG3,cashflow,0.0484,0.759,44724.76,0.036736,17894997.59,2132568.86,1.384,2,0,RG3,average,Green,12,cashflow_logistic_scorecard,v1.0,2026-04-09,0.68,0.0,0.0,0.01,0.0,0.0,0.0,0.69,1.1,0.759
FAC-00103,BOR-0013,Borrower 0013,Overdraft / Revolving Working Capital,Health Care and Social Assistance,QLD,revolving,General Security Agreement,24,149246.38,62815.64,86430.74,weak,0.75,127638.7,0.1037,658,C,RG3,cashflow,0.0515,0.627,4121.52,0.032291,26978811.93,3555584.63,1.221,46,0,RG3,weak,Amber,12,cashflow_logistic_scorecard,v1.0,2026-04-09,0.55,0.0,0.0,0.0,0.0,0.01,0.01,0.57,1.1,0.627
FAC-00104,BOR-0014,Borrower 0014,SME Cash Flow Term Loan,Manufacturing,SA,term,Receivables Security,24,2303009.79,2004588.75,298421.04000000004,not_applicable,0.0,2004588.75,0.107,556,D,RG4,cashflow,0.1072,0.638,137101.04,0.068394,22122761.69,1934405.63,1.213,67,1,RG4,weak,Red,12,cashflow_logistic_scorecard,v1.0,2026-04-09,0.5,0.0,0.0,0.02,0.02,0.01,0.03,0.58,1.1,0.638
FAC-00105,BOR-0015,Borrower 0015,SME Cash Flow Term Loan,Manufacturing,NSW,term,General Security Agreement,24,2377810.72,1963897.48,413913.2400000002,not_applicable,0.0,1963897.48,0.0967,668,C,RG3,cashflow,0.0442,0.495,42968.11,0.021879,26889398.47,3443558.7,1.977,27,0,RG3,average,Amber,12,cashflow_logistic_scorecard,v1.0,2026-04-09,0.42,0.0,0.0,0.02,0.0,0.0,0.01,0.45,1.1,0.495
FAC-00106,BOR-0016,Borrower 0016,Overdraft / Revolving Working Capital,Health Care and Social Assistance,SA,revolving,General Security Agreement,12,250237.31,143621.57,106615.73999999999,strong,0.3,175606.29,0.0963,730,B,RG2,cashflow,0.0254,0.594,2649.48,0.015088,16474240.67,2747168.09,1.288,0,0,RG2,strong,Green,12,cashflow_logistic_scorecard,v1.0,2026-04-09,0.55,0.0,0.0,0.0,-0.01,0.0,0.0,0.54,1.1,0.594
FAC-00107,BOR-0017,Borrower 0017,SME Cash Flow Term Loan,Health Care and Social Assistance,QLD,term,Receivables Security,24,364375.29,362476.31,1898.9799999999814,not_applicable,0.0,362476.31,0.0929,723,B,RG2,cashflow,0.0228,0.55,4545.45,0.01254,31910469.66,6035440.91,1.706,28,0,RG2,strong,Amber,12,cashflow_logistic_scorecard,v1.0,2026-04-09,0.5,0.0,0.0,0.0,-0.01,0.0,0.01,0.5,1.1,0.55
FAC-00108,BOR-0018,Borrower 0018,Property Backed Loan,Accommodation and Food Services,NSW,term,Commercial Property,60,4143912.77,3871951.25,271961.52,not_applicable,0.0,3871951.25,0.0703,718,B,RG2,property,0.0243,0.3348,31500.8,0.008136,14625466.78,1477671.23,1.457,36,0,RG2,strong,Amber,12,property_logistic_scorecard,v1.0,2026-04-09,0.28,0.0,0.0,0.02,0.0,0.0,0.01,0.31,1.08,0.3348
FAC-00109,BOR-0019,Borrower 0019,Overdraft / Revolving Working Capital,Wholesale Trade,NSW,revolving,General Security Agreement,24,1146177.72,862624.3,283553.4199999999,weak,0.75,1075289.36,0.1055,656,C,RG3,cashflow,0.0522,0.616,34576.14,0.032155,7807509.13,1122711.42,1.582,50,0,RG3,weak,Amber,12,cashflow_logistic_scorecard,v1.0,2026-04-09,0.55,0.0,0.0,0.0,0.0,0.0,0.01,0.56,1.1,0.616
FAC-00110,BOR-0020,Borrower 0020,Overdraft / Revolving Working Capital,Retail Trade,NSW,revolving,General Security Agreement,24,769766.9,320486.04,449280.86000000004,weak,0.75,657446.69,0.1006,665,C,RG3,cashflow,0.0526,0.638,22063.12,0.033559,7236845.46,407851.95,1.175,34,0,RG3,average,Amber,12,cashflow_logistic_scorecard,v1.0,2026-04-09,0.55,0.0,0.0,0.01,0.0,0.01,0.01,0.58,1.1,0.638
FAC-00111,BOR-0021,Borrower 0021,Overdraft / Revolving Working Capital,Construction,WA,revolving,General Security Agreement,12,1248779.92,572364.39,676415.5299999999,average,0.5,910572.16,0.1055,675,C,RG3,cashflow,0.0489,0.627,27918.42,0.03066,11232973.75,1214042.04,1.541,0,0,RG3,average,Green,12,cashflow_logistic_scorecard,v1.0,2026-04-09,0.55,0.0,0.0,0.02,0.0,0.0,0.0,0.57,1.1,0.627
FAC-00112,BOR-0022,Borrower 0022,SME Cash Flow Term Loan,Wholesale Trade,NSW,term,General Security Agreement,36,780993.84,729201.09,51792.75,not_applicable,0.0,729201.09,0.0811,780,A,RG1,cashflow,0.0126,0.429,3941.62,0.005405,31208675.08,3379565.84,1.57,0,0,RG1,strong,Green,12,cashflow_logistic_scorecard,v1.0,2026-04-09,0.42,0.0,0.0,0.0,-0.03,0.0,0.0,0.39,1.1,0.429
FAC-00113,BOR-0023,Borrower 0023,Overdraft / Revolving Working Capital,Accommodation and Food Services,WA,revolving,General Security Agreement,12,122127.78,68970.48,53157.3,average,0.5,95549.13,0.108,675,C,RG3,cashflow,0.0494,0.627,2959.52,0.030974,7905571.94,1040662.4,1.65,12,0,RG3,average,Green,12,cashflow_logistic_scorecard,v1.0,2026-04-09,0.55,0.0,0.0,0.02,0.0,0.0,0.0,0.57,1.1,0.627
FAC-00114,BOR-0024,Borrower 0024,Overdraft / Revolving Working Capital,Accommodation and Food Services,WA,revolving,Unsecured,24,540087.12,286650.02,253437.09999999998,average,0.5,413368.57,0.1066,675,C,RG3,cashflow,0.0494,0.77,15723.71,0.038038,6050650.94,854651.31,1.649,3,0,RG3,average,Green,12,cashflow_logistic_scorecard,v1.0,2026-04-09,0.68,0.0,0.0,0.02,0.0,0.0,0.0,0.7,1.1,0.77
FAC-00115,BOR-0025,Borrower 0025,SME Cash Flow Term Loan,Health Care and Social Assistance,NSW,term,General Security Agreement,48,2126772.01,1937004.93,189767.07999999984,not_applicable,0.0,1937004.93,0.0824,723,B,RG2,cashflow,0.0228,0.462,20403.64,0.010534,7197353.74,1385296.27,1.276,27,0,RG2,strong,Amber,12,cashflow_logistic_scorecard,v1.0,2026-04-09,0.42,0.0,0.0,0.0,-0.01,0.0,0.01,0.42,1.1,0.462
FAC-00116,BOR-0026,Borrower 0026,SME Cash Flow Term Loan,Manufacturing,SA,term,General Security Agreement,24,1217403.36,1023963.28,193440.08000000007,not_applicable,0.0,1023963.28,0.0931,657,C,RG3,cashflow,0.0483,0.506,25025.46,0.02444,10833120.73,1349927.96,1.145,48,0,RG3,weak,Amber,12,cashflow_logistic_scorecard,v1.0,2026-04-09,0.42,0.0,0.0,0.02,0.0,0.01,0.01,0.46,1.1,0.506
FAC-00117,BOR-0027,Borrower 0027,Property Backed Loan,Wholesale Trade,SA,term,Commercial Property,60,3354030.53,3226537.62,127492.90999999968,not_applicable,0.0,3226537.62,0.0704,721,B,RG2,property,0.0236,0.3132,23849.02,0.007392,14868376.31,1746754.76,1.32,32,0,RG2,strong,Amber,12,property_logistic_scorecard,v1.0,2026-04-09,0.28,0.0,0.0,0.0,0.0,0.0,0.01,0.29,1.08,0.3132
FAC-00118,BOR-0028,Borrower 0028,Property Backed Loan,"Agriculture, Forestry and Fishing",WA,term,Commercial Property,60,2718449.22,2676773.74,41675.47999999998,not_applicable,0.0,2676773.74,0.0874,663,C,RG3,property,0.0447,0.3348,40059.42,0.014966,6991484.28,1146986.45,1.493,36,0,RG3,average,Amber,12,property_logistic_scorecard,v1.0,2026-04-09,0.28,0.0,0.0,0.02,0.0,0.0,0.01,0.31,1.08,0.3348
FAC-00119,BOR-0029,Borrower 0029,SME Cash Flow Term Loan,Manufacturing,WA,term,Unsecured,24,848569.46,676104.19,172465.27000000002,not_applicable,0.0,676104.19,0.1033,555,D,RG4,cashflow,0.1072,0.737,53416.56,0.079006,8814707.45,1341938.71,1.369,70,1,RG4,weak,Red,12,cashflow_logistic_scorecard,v1.0,2026-04-09,0.6,0.0,0.0,0.02,0.02,0.0,0.03,0.67,1.1,0.737
FAC-00120,BOR-0030,Borrower 0030,SME Cash Flow Term Loan,Retail Trade,NSW,term,Unsecured,24,724602.37,707842.87,16759.5,not_applicable,0.0,707842.87,0.0837,722,B,RG2,cashflow,0.0234,0.671,11114.12,0.015701,20837707.96,2117136.29,1.525,29,0,RG2,strong,Amber,12,cashflow_logistic_scorecard,v1.0,2026-04-09,0.6,0.0,0.0,0.01,-0.01,0.0,0.01,0.61,1.1,0.671
FAC-00121,BOR-0031,Borrower 0031,Overdraft / Revolving Working Capital,Construction,NSW,revolving,Unsecured,12,1119724.95,614225.39,505499.55999999994,strong,0.3,765875.26,0.0992,730,B,RG2,cashflow,0.0263,0.759,15288.17,0.019962,23769352.49,2943304.32,1.447,0,0,RG2,strong,Green,12,cashflow_logistic_scorecard,v1.0,2026-04-09,0.68,0.0,0.0,0.02,-0.01,0.0,0.0,0.69,1.1,0.759
FAC-00122,BOR-0032,Borrower 0032,Property Backed Loan,"Professional, Scientific and Technical Services",QLD,term,Residential Investment Property,48,5522345.63,4690376.71,831968.9199999999,not_applicable,0.0,4690376.71,0.0765,730,B,RG2,property,0.0211,0.216,21376.86,0.004558,14930319.93,3515441.07,1.387,0,0,RG2,strong,Green,12,property_logistic_scorecard,v1.0,2026-04-09,0.2,0.0,0.0,0.0,0.0,0.0,0.0,0.2,1.08,0.216
FAC-00123,BOR-0033,Borrower 0033,Overdraft / Revolving Working Capital,Wholesale Trade,VIC,revolving,General Security Agreement,12,1481280.25,580978.14,900302.11,average,0.5,1031129.2,0.1068,668,C,RG3,cashflow,0.0481,0.616,30551.95,0.02963,26434297.19,2070959.6,1.287,27,0,RG3,average,Amber,12,cashflow_logistic_scorecard,v1.0,2026-04-09,0.55,0.0,0.0,0.0,0.0,0.0,0.01,0.56,1.1,0.616
FAC-00124,BOR-0034,Borrower 0034,Overdraft / Revolving Working Capital,Wholesale Trade,VIC,revolving,General Security Agreement,12,1261433.57,455381.15,806052.42,weak,0.75,1059920.47,0.1028,660,C,RG3,cashflow,0.0522,0.616,34081.95,0.032155,10877615.71,1356027.77,1.54,43,0,RG3,average,Amber,12,cashflow_logistic_scorecard,v1.0,2026-04-09,0.55,0.0,0.0,0.0,0.0,0.0,0.01,0.56,1.1,0.616
FAC-00125,BOR-0035,Borrower 0035,SME Cash Flow Term Loan,"Professional, Scientific and Technical Services",VIC,term,General Security Agreement,36,1936837.94,1534230.41,402607.53,not_applicable,0.0,1534230.41,0.086,668,C,RG3,cashflow,0.0426,0.473,30914.44,0.02015,17045693.88,4742751.61,1.505,27,0,RG3,average,Amber,12,cashflow_logistic_scorecard,v1.0,2026-04-09,0.42,0.0,0.0,0.0,0.0,0.0,0.01,0.43,1.1,0.473
FAC-00126,BOR-0036,Borrower 0036,SME Cash Flow Term Loan,"Professional, Scientific and Technical Services",VIC,term,Receivables Security,48,1923988.13,1671660.2,252327.92999999993,not_applicable,0.0,1671660.2,0.0839,658,C,RG3,cashflow,0.0467,0.561,43795.32,0.026199,9944554.32,1999235.01,1.325,45,0,RG3,weak,Amber,12,cashflow_logistic_scorecard,v1.0,2026-04-09,0.5,0.0,0.0,0.0,0.0,0.0,0.01,0.51,1.1,0.561
FAC-00127,BOR-0037,Borrower 0037,Property Backed Loan,Manufacturing,NSW,term,Residential Investment Property,60,5570436.29,4826407.65,744028.6399999997,not_applicable,0.0,4826407.65,0.0872,576,D,RG4,property,0.1009,0.3348,163042.42,0.033781,9973504.89,718190.63,1.072,32,1,RG4,weak,Red,12,property_logistic_scorecard,v1.0,2026-04-09,0.2,0.03,0.0,0.02,0.0,0.03,0.03,0.31,1.08,0.3348
FAC-00128,BOR-0038,Borrower 0038,Property Backed Loan,Manufacturing,NSW,term,Residential Investment Property,60,4011571.4,3628165.54,383405.85999999987,not_applicable,0.0,3628165.54,0.0744,730,B,RG2,property,0.0219,0.2376,18878.94,0.005203,26501285.57,3083537.7,1.488,2,0,RG2,strong,Green,12,property_logistic_scorecard,v1.0,2026-04-09,0.2,0.0,0.0,0.02,0.0,0.0,0.0,0.22,1.08,0.2376
FAC-00129,BOR-0039,Borrower 0039,SME Cash Flow Term Loan,"Professional, Scientific and Technical Services",SA,term,Receivables Security,48,2176921.67,1614771.94,562149.73,not_applicable,0.0,1614771.94,0.0974,662,C,RG3,cashflow,0.0467,0.594,44793.45,0.02774,6351377.12,1006590.76,1.062,39,0,RG3,average,Amber,12,cashflow_logistic_scorecard,v1.0,2026-04-09,0.5,0.0,0.0,0.0,0.0,0.03,0.01,0.54,1.1,0.594
FAC-00130,BOR-0040,Borrower 0040,Property Backed Loan,Health Care and Social Assistance,VIC,term,Commercial Property,48,1242938.86,1166756.77,76182.09000000008,not_applicable,0.0,1166756.77,0.0723,730,B,RG2,property,0.021,0.3024,7409.37,0.00635,26992115.24,5999631.26,1.863,3,0,RG2,strong,Green,12,property_logistic_scorecard,v1.0,2026-04-09,0.28,0.0,0.0,0.0,0.0,0.0,0.0,0.28,1.08,0.3024
FAC-00131,BOR-0041,Borrower 0041,Overdraft / Revolving Working Capital,Health Care and Social Assistance,VIC,revolving,General Security Agreement,12,1164590.36,655256.99,509333.3700000001,weak,0.75,1037257.02,0.1082,665,C,RG3,cashflow,0.0515,0.627,33493.55,0.032291,18996035.75,3953687.23,1.207,33,0,RG3,average,Amber,12,cashflow_logistic_scorecard,v1.0,2026-04-09,0.55,0.0,0.0,0.0,0.0,0.01,0.01,0.57,1.1,0.627
FAC-00132,BOR-0042,Borrower 0042,Property Backed Loan,Accommodation and Food Services,WA,term,Commercial Property,48,3075762.94,3052510.17,23252.77000000002,not_applicable,0.0,3052510.17,0.0686,728,B,RG2,property,0.0221,0.3348,22585.77,0.007399,6687938.75,466279.84,1.265,18,0,RG2,strong,Amber,12,property_logistic_scorecard,v1.0,2026-04-09,0.28,0.0,0.0,0.02,0.0,0.0,0.01,0.31,1.08,0.3348
FAC-00133,BOR-0043,Borrower 0043,SME Cash Flow Term Loan,Manufacturing,QLD,term,Unsecured,24,626571.25,561068.85,65502.40000000002,not_applicable,0.0,561068.85,0.0872,730,B,RG2,cashflow,0.0237,0.671,8922.51,0.015903,23816005.23,2637851.25,1.349,1,0,RG2,strong,Green,12,cashflow_logistic_scorecard,v1.0,2026-04-09,0.6,0.0,0.0,0.02,-0.01,0.0,0.0,0.61,1.1,0.671
FAC-00134,BOR-0044,Borrower 0044,Overdraft / Revolving Working Capital,Retail Trade,VIC,revolving,General Security Agreement,24,450606.32,211015.38,239590.94,weak,0.75,390708.58,0.1206,488,E,RG5,cashflow,0.2194,0.737,63176.72,0.161698,11304990.41,904442.68,0.995,73,1,RG5,weak,Red,12,cashflow_logistic_scorecard,v1.0,2026-04-09,0.55,0.0,0.0,0.01,0.05,0.03,0.03,0.67,1.1,0.737
FAC-00135,BOR-0045,Borrower 0045,Overdraft / Revolving Working Capital,Retail Trade,VIC,revolving,Unsecured,12,524482.91,287371.57,237111.34000000003,average,0.5,405927.24,0.1073,668,C,RG3,cashflow,0.0485,0.77,15159.35,0.037345,25501910.5,2908104.88,1.557,27,0,RG3,average,Amber,12,cashflow_logistic_scorecard,v1.0,2026-04-09,0.68,0.0,0.0,0.01,0.0,0.0,0.01,0.7,1.1,0.77
FAC-00136,BOR-0046,Borrower 0046,Property Backed Loan,"Transport, Postal and Warehousing",QLD,term,Residential Investment Property,48,2334524.6,2022014.4,312510.2000000002,not_applicable,0.0,2022014.4,0.0745,730,B,RG2,property,0.0215,0.2376,10329.26,0.005108,7327556.7,668393.26,1.248,7,0,RG2,strong,Green,12,property_logistic_scorecard,v1.0,2026-04-09,0.2,0.0,0.0,0.01,0.0,0.01,0.0,0.22,1.08,0.2376
FAC-00137,BOR-0047,Borrower 0047,SME Cash Flow Term Loan,Manufacturing,NSW,term,General Security Agreement,48,396130.25,291306.98,104823.27000000002,not_applicable,0.0,291306.98,0.0927,730,B,RG2,cashflow,0.0237,0.473,3265.58,0.01121,5808560.17,879256.85,1.456,5,0,RG2,strong,Green,12,cashflow_logistic_scorecard,v1.0,2026-04-09,0.42,0.0,0.0,0.02,-0.01,0.0,0.0,0.43,1.1,0.473
FAC-00138,BOR-0048,Borrower 0048,Overdraft / Revolving Working Capital,Construction,WA,revolving,General Security Agreement,24,1365465.86,815554.7,549911.1600000001,average,0.5,1090510.28,0.0977,673,C,RG3,cashflow,0.0489,0.638,34021.96,0.031198,9578810.35,752719.48,1.334,19,0,RG3,average,Amber,12,cashflow_logistic_scorecard,v1.0,2026-04-09,0.55,0.0,0.0,0.02,0.0,0.0,0.01,0.58,1.1,0.638
FAC-00139,BOR-0049,Borrower 0049,SME Cash Flow Term Loan,"Transport, Postal and Warehousing",QLD,term,General Security Agreement,36,353417.31,289314.3,64103.01000000001,not_applicable,0.0,289314.3,0.0892,730,B,RG2,cashflow,0.0233,0.462,3114.35,0.010765,5288716.95,721985.04,1.726,8,0,RG2,strong,Green,12,cashflow_logistic_scorecard,v1.0,2026-04-09,0.42,0.0,0.0,0.01,-0.01,0.0,0.0,0.42,1.1,0.462
FAC-00140,BOR-0050,Borrower 0050,SME Cash Flow Term Loan,Health Care and Social Assistance,SA,term,General Security Agreement,36,345741.59,270579.2,75162.39000000001,not_applicable,0.0,270579.2,0.0954,667,C,RG3,cashflow,0.0424,0.484,5552.72,0.020522,13197194.43,1904872.4,1.13,29,0,RG3,average,Amber,12,cashflow_logistic_scorecard,v1.0,2026-04-09,0.42,0.0,0.0,0.0,0.0,0.01,0.01,0.44,1.1,0.484
FAC-00141,BOR-0051,Borrower 0051,SME Cash Flow Term Loan,Retail Trade,SA,term,General Security Agreement,24,1966793.42,1950383.36,16410.059999999823,not_applicable,0.0,1950383.36,0.0845,730,B,RG2,cashflow,0.0234,0.473,21587.23,0.011068,20101964.83,1318804.1,1.177,6,0,RG2,strong,Green,12,cashflow_logistic_scorecard,v1.0,2026-04-09,0.42,0.0,0.0,0.01,-0.01,0.01,0.0,0.43,1.1,0.473
FAC-00142,BOR-0052,Borrower 0052,Property Backed Loan,"Transport, Postal and Warehousing",QLD,term,Commercial Property,36,4513794.22,4377458.16,136336.0599999996,not_applicable,0.0,4377458.16,0.0841,596,D,RG4,property,0.0853,0.3564,133078.76,0.030401,14197791.14,1402651.46,1.007,41,0,RG4,weak,Amber,12,property_logistic_scorecard,v1.0,2026-04-09,0.28,0.0,0.0,0.01,0.0,0.03,0.01,0.33,1.08,0.3564
FAC-00143,BOR-0053,Borrower 0053,Property Backed Loan,Construction,SA,term,Commercial Property,36,5227586.23,4577484.15,650102.0800000001,not_applicable,0.0,4577484.15,0.0688,726,B,RG2,property,0.0219,0.3348,33562.66,0.007332,14672678.74,1891242.24,1.593,22,0,RG2,strong,Amber,12,property_logistic_scorecard,v1.0,2026-04-09,0.28,0.0,0.0,0.02,0.0,0.0,0.01,0.31,1.08,0.3348
FAC-00144,BOR-0054,Borrower 0054,Property Backed Loan,"Professional, Scientific and Technical Services",SA,term,Commercial Property,48,4645738.74,3981511.83,664226.9100000001,not_applicable,0.0,3981511.83,0.0737,727,B,RG2,property,0.0211,0.3456,29033.82,0.007292,7191251.77,1775323.6,1.271,21,0,RG2,strong,Amber,12,property_logistic_scorecard,v1.0,2026-04-09,0.28,0.03,0.0,0.0,0.0,0.0,0.01,0.32,1.08,0.3456
FAC-00145,BOR-0055,Borrower 0055,Overdraft / Revolving Working Capital,Health Care and Social Assistance,QLD,revolving,General Security Agreement,12,1062547.51,394542.62,668004.89,average,0.5,728545.06,0.1118,669,C,RG3,cashflow,0.0474,0.616,21272.35,0.029198,6554052.32,1048938.97,1.387,26,0,RG3,average,Amber,12,cashflow_logistic_scorecard,v1.0,2026-04-09,0.55,0.0,0.0,0.0,0.0,0.0,0.01,0.56,1.1,0.616
FAC-00146,BOR-0056,Borrower 0056,SME Cash Flow Term Loan,Retail Trade,VIC,term,General Security Agreement,36,808662.06,685610.58,123051.4800000001,not_applicable,0.0,685610.58,0.1158,496,E,RG5,cashflow,0.2014,0.594,82020.69,0.119632,8245661.71,579015.2,0.974,58,1,RG5,weak,Red,12,cashflow_logistic_scorecard,v1.0,2026-04-09,0.42,0.0,0.0,0.01,0.05,0.03,0.03,0.54,1.1,0.594
FAC-00147,BOR-0057,Borrower 0057,Property Backed Loan,Health Care and Social Assistance,VIC,term,Commercial Property,36,4805513.11,4750157.68,55355.43000000063,not_applicable,0.0,4750157.68,0.0802,662,C,RG3,property,0.0433,0.3132,64419.55,0.013562,17375805.14,3202190.25,1.303,38,0,RG3,average,Amber,12,property_logistic_scorecard,v1.0,2026-04-09,0.28,0.0,0.0,0.0,0.0,0.0,0.01,0.29,1.08,0.3132
FAC-00148,BOR-0058,Borrower 0058,Property Backed Loan,"Agriculture, Forestry and Fishing",SA,term,Commercial Property,48,5932060.96,4764904.78,1167156.1799999997,not_applicable,0.0,4764904.78,0.0824,730,B,RG2,property,0.0218,0.3564,37021.02,0.00777,10083425.58,1726183.5,1.519,3,0,RG2,strong,Green,12,property_logistic_scorecard,v1.0,2026-04-09,0.28,0.03,0.0,0.02,0.0,0.0,0.0,0.33,1.08,0.3564
FAC-00149,BOR-0059,Borrower 0059,SME Cash Flow Term Loan,"Professional, Scientific and Technical Services",QLD,term,General Security Agreement,48,2342737.42,2016337.02,326400.3999999999,not_applicable,0.0,2016337.02,0.0878,730,B,RG2,cashflow,0.0228,0.462,21239.29,0.010534,6131405.57,1261146.61,1.161,14,0,RG2,strong,Green,12,cashflow_logistic_scorecard,v1.0,2026-04-09,0.42,0.0,0.0,0.0,-0.01,0.01,0.0,0.42,1.1,0.462
FAC-00150,BOR-0060,Borrower 0060,Property Backed Loan,"Transport, Postal and Warehousing",SA,term,Commercial Property,60,670882.8,589281.68,81601.12,not_applicable,0.0,589281.68,0.0837,729,B,RG2,property,0.0215,0.324,4104.94,0.006966,9036356.54,1147624.25,1.396,16,0,RG2,strong,Amber,12,property_logistic_scorecard,v1.0,2026-04-09,0.28,0.0,0.0,0.01,0.0,0.0,0.01,0.3,1.08,0.324
FAC-00151,BOR-0061,Borrower 0061,Property Backed Loan,Construction,VIC,term,Commercial Property,48,1676069.52,1642578.73,33490.79000000004,not_applicable,0.0,1642578.73,0.089,549,D,RG4,property,0.1006,0.3888,64246.64,0.039113,4758539.74,402824.62,1.284,81,1,RG4,weak,Red,12,property_logistic_scorecard,v1.0,2026-04-09,0.28,0.03,0.0,0.02,0.0,0.0,0.03,0.36,1.08,0.3888
FAC-00152,BOR-0062,Borrower 0062,Property Backed Loan,Wholesale Trade,NSW,term,Residential Investment Property,60,2378460.44,1980237.92,398222.52,not_applicable,0.0,1980237.92,0.0806,654,C,RG3,property,0.044,0.2376,20702.2,0.010454,15203484.74,1230479.72,1.177,54,0,RG3,weak,Amber,12,property_logistic_scorecard,v1.0,2026-04-09,0.2,0.0,0.0,0.0,0.0,0.01,0.01,0.22,1.08,0.2376
FAC-00153,BOR-0063,Borrower 0063,SME Cash Flow Term Loan,Health Care and Social Assistance,VIC,term,General Security Agreement,48,878548.33,680017.22,198531.11,not_applicable,0.0,680017.22,0.0936,641,C,RG3,cashflow,0.0539,0.495,18143.2,0.026681,12978952.16,1946548.79,1.285,32,1,RG3,weak,Red,12,cashflow_logistic_scorecard,v1.0,2026-04-09,0.42,0.0,0.0,0.0,0.0,0.0,0.03,0.45,1.1,0.495
FAC-00154,BOR-0064,Borrower 0064,Overdraft / Revolving Working Capital,Wholesale Trade,VIC,revolving,General Security Agreement,24,540414.2,377356.51,163057.68999999994,weak,0.75,499649.78,0.1085,662,C,RG3,cashflow,0.0522,0.616,16066.34,0.032155,23610580.93,2778251.82,1.355,39,0,RG3,average,Amber,12,cashflow_logistic_scorecard,v1.0,2026-04-09,0.55,0.0,0.0,0.0,0.0,0.0,0.01,0.56,1.1,0.616
FAC-00155,BOR-0065,Borrower 0065,Overdraft / Revolving Working Capital,Accommodation and Food Services,NSW,revolving,Unsecured,12,230579.27,148793.57,81785.69999999998,average,0.5,189686.42,0.1066,675,C,RG3,cashflow,0.0494,0.77,7215.29,0.038038,14101172.98,2215156.46,1.786,14,0,RG3,average,Green,12,cashflow_logistic_scorecard,v1.0,2026-04-09,0.68,0.0,0.0,0.02,0.0,0.0,0.0,0.7,1.1,0.77
FAC-00156,BOR-0066,Borrower 0066,SME Cash Flow Term Loan,"Agriculture, Forestry and Fishing",WA,term,General Security Agreement,36,1206480.92,1165744.44,40736.47999999998,not_applicable,0.0,1165744.44,0.0933,666,C,RG3,cashflow,0.048,0.495,27698.09,0.02376,7223233.95,1260296.35,1.486,32,0,RG3,average,Amber,12,cashflow_logistic_scorecard,v1.0,2026-04-09,0.42,0.0,0.0,0.02,0.0,0.0,0.01,0.45,1.1,0.495
FAC-00157,BOR-0067,Borrower 0067,Property Backed Loan,"Agriculture, Forestry and Fishing",NSW,term,Commercial Property,60,2773745.34,2676060.89,97684.44999999972,not_applicable,0.0,2676060.89,0.0773,730,B,RG2,property,0.0218,0.324,18901.55,0.007063,21600000.0,4230913.85,1.925,9,0,RG2,strong,Green,12,property_logistic_scorecard,v1.0,2026-04-09,0.28,0.0,0.0,0.02,0.0,0.0,0.0,0.3,1.08,0.324
FAC-00158,BOR-0068,Borrower 0068,Property Backed Loan,Retail Trade,VIC,term,Commercial Property,36,3601243.22,3400323.06,200920.16000000015,not_applicable,0.0,3400323.06,0.0726,726,B,RG2,property,0.0216,0.324,23796.82,0.006998,3163341.63,255879.02,1.423,22,0,RG2,strong,Amber,12,property_logistic_scorecard,v1.0,2026-04-09,0.28,0.0,0.0,0.01,0.0,0.0,0.01,0.3,1.08,0.324
FAC-00159,BOR-0069,Borrower 0069,Overdraft / Revolving Working Capital,Retail Trade,SA,revolving,General Security Agreement,12,922688.96,621087.82,301601.14,weak,0.75,847288.68,0.1163,664,C,RG3,cashflow,0.0526,0.627,27943.75,0.03298,5830600.58,380525.28,1.591,35,0,RG3,average,Amber,12,cashflow_logistic_scorecard,v1.0,2026-04-09,0.55,0.0,0.0,0.01,0.0,0.0,0.01,0.57,1.1,0.627
FAC-00160,BOR-0070,Borrower 0070,Overdraft / Revolving Working Capital,Wholesale Trade,WA,revolving,General Security Agreement,24,733430.33,394052.13,339378.19999999995,weak,0.75,648585.78,0.1125,568,D,RG4,cashflow,0.1147,0.671,49917.56,0.076964,8280056.06,940975.8,1.234,45,1,RG4,weak,Red,12,cashflow_logistic_scorecard,v1.0,2026-04-09,0.55,0.0,0.0,0.0,0.02,0.01,0.03,0.61,1.1,0.671
FAC-00161,BOR-0071,Borrower 0071,SME Cash Flow Term Loan,Construction,WA,term,Unsecured,36,1934157.55,1867148.32,67009.22999999998,not_applicable,0.0,1867148.32,0.113,489,E,RG5,cashflow,0.203,0.803,304361.98,0.163009,12055808.13,741797.03,1.012,72,1,RG5,weak,Red,12,cashflow_logistic_scorecard,v1.0,2026-04-09,0.6,0.0,0.0,0.02,0.05,0.03,0.03,0.73,1.1,0.803
FAC-00162,BOR-0072,Borrower 0072,SME Cash Flow Term Loan,Manufacturing,WA,term,General Security Agreement,36,1660642.77,1376146.55,284496.22,not_applicable,0.0,1376146.55,0.1213,494,E,RG5,cashflow,0.2035,0.605,169427.72,0.123117,11939613.78,1132684.62,0.951,63,1,RG5,weak,Red,12,cashflow_logistic_scorecard,v1.0,2026-04-09,0.42,0.0,0.0,0.02,0.05,0.03,0.03,0.55,1.1,0.605
FAC-00163,BOR-0073,Borrower 0073,Property Backed Loan,Manufacturing,SA,term,Commercial Property,48,2860043.79,2687479.28,172564.51000000024,not_applicable,0.0,2687479.28,0.0701,727,B,RG2,property,0.0219,0.3348,19704.92,0.007332,19736081.68,1854948.36,1.434,21,0,RG2,strong,Amber,12,property_logistic_scorecard,v1.0,2026-04-09,0.28,0.0,0.0,0.02,0.0,0.0,0.01,0.31,1.08,0.3348
FAC-00164,BOR-0074,Borrower 0074,Property Backed Loan,"Transport, Postal and Warehousing",SA,term,Residential Investment Property,48,5279795.82,4262305.45,1017490.3700000001,not_applicable,0.0,4262305.45,0.0823,725,B,RG2,property,0.0215,0.2376,21773.56,0.005108,19775309.75,1949676.4,1.618,24,0,RG2,strong,Amber,12,property_logistic_scorecard,v1.0,2026-04-09,0.2,0.0,0.0,0.01,0.0,0.0,0.01,0.22,1.08,0.2376
FAC-00165,BOR-0075,Borrower 0075,SME Cash Flow Term Loan,Health Care and Social Assistance,NSW,term,Unsecured,24,699538.59,560923.08,138615.51,not_applicable,0.0,560923.08,0.084,722,B,RG2,cashflow,0.0228,0.66,8440.77,0.015048,22017192.36,3973348.4,1.483,29,0,RG2,strong,Amber,12,cashflow_logistic_scorecard,v1.0,2026-04-09,0.6,0.0,0.0,0.0,-0.01,0.0,0.01,0.6,1.1,0.66
FAC-00166,BOR-0076,Borrower 0076,SME Cash Flow Term Loan,"Transport, Postal and Warehousing",SA,term,Unsecured,48,1311190.43,1122500.52,188689.90999999992,not_applicable,0.0,1122500.52,0.0835,657,C,RG3,cashflow,0.0475,0.693,36949.91,0.032917,14195234.21,1283572.31,1.19,47,0,RG3,weak,Amber,12,cashflow_logistic_scorecard,v1.0,2026-04-09,0.6,0.0,0.0,0.01,0.0,0.01,0.01,0.63,1.1,0.693
FAC-00167,BOR-0077,Borrower 0077,SME Cash Flow Term Loan,Wholesale Trade,VIC,term,General Security Agreement,24,896814.29,689533.96,207280.33000000007,not_applicable,0.0,689533.96,0.0935,675,C,RG3,cashflow,0.0432,0.462,13761.99,0.019958,16508006.04,2004443.24,1.389,11,0,RG3,average,Green,12,cashflow_logistic_scorecard,v1.0,2026-04-09,0.42,0.0,0.0,0.0,0.0,0.0,0.0,0.42,1.1,0.462
FAC-00168,BOR-0078,Borrower 0078,Overdraft / Revolving Working Capital,Health Care and Social Assistance,VIC,revolving,General Security Agreement,12,797197.61,487244.97,309952.64,weak,0.75,719709.45,0.1141,666,C,RG3,cashflow,0.0515,0.616,22832.06,0.031724,16153205.16,3730890.83,1.82,31,0,RG3,average,Amber,12,cashflow_logistic_scorecard,v1.0,2026-04-09,0.55,0.0,0.0,0.0,0.0,0.0,0.01,0.56,1.1,0.616
FAC-00169,BOR-0079,Borrower 0079,Property Backed Loan,Construction,NSW,term,Commercial Property,36,4503344.91,3862122.61,641222.3000000003,not_applicable,0.0,3862122.61,0.0649,730,B,RG2,property,0.0219,0.324,27404.08,0.007096,6732856.21,913673.81,1.449,14,0,RG2,strong,Green,12,property_logistic_scorecard,v1.0,2026-04-09,0.28,0.0,0.0,0.02,0.0,0.0,0.0,0.3,1.08,0.324
FAC-00170,BOR-0080,Borrower 0080,Property Backed Loan,Health Care and Social Assistance,WA,term,Commercial Property,48,3253634.62,3246536.45,7098.1699999999255,not_applicable,0.0,3246536.45,0.0808,657,C,RG3,property,0.0433,0.3132,44028.1,0.013562,6636025.31,1298484.78,1.363,47,0,RG3,weak,Amber,12,property_logistic_scorecard,v1.0,2026-04-09,0.28,0.0,0.0,0.0,0.0,0.0,0.01,0.29,1.08,0.3132
FAC-00171,BOR-0081,Borrower 0081,Property Backed Loan,"Agriculture, Forestry and Fishing",VIC,term,Commercial Property,60,2297940.94,1978748.03,319192.9099999999,not_applicable,0.0,1978748.03,0.0758,657,C,RG3,property,0.0447,0.3456,30568.33,0.015448,8200692.02,885177.48,1.177,47,0,RG3,weak,Amber,12,property_logistic_scorecard,v1.0,2026-04-09,0.28,0.0,0.0,0.02,0.0,0.01,0.01,0.32,1.08,0.3456
FAC-00172,BOR-0082,Borrower 0082,SME Cash Flow Term Loan,Retail Trade,QLD,term,Unsecured,24,2471169.25,1810295.78,660873.47,not_applicable,0.0,1810295.78,0.0962,667,C,RG3,cashflow,0.0477,0.682,58891.46,0.032531,17368843.72,815269.51,1.398,30,0,RG3,average,Amber,12,cashflow_logistic_scorecard,v1.0,2026-04-09,0.6,0.0,0.0,0.01,0.0,0.0,0.01,0.62,1.1,0.682
FAC-00173,BOR-0083,Borrower 0083,Overdraft / Revolving Working Capital,"Transport, Postal and Warehousing",VIC,revolving,General Security Agreement,12,877357.87,542558.37,334799.5,average,0.5,709958.12,0.1098,675,C,RG3,cashflow,0.0484,0.627,21544.96,0.030347,23003599.08,3244123.36,1.111,10,0,RG3,average,Green,12,cashflow_logistic_scorecard,v1.0,2026-04-09,0.55,0.0,0.0,0.01,0.0,0.01,0.0,0.57,1.1,0.627
FAC-00174,BOR-0084,Borrower 0084,Overdraft / Revolving Working Capital,"Professional, Scientific and Technical Services",QLD,revolving,General Security Agreement,24,852412.6,485194.9,367217.69999999995,weak,0.75,760608.18,0.104,666,C,RG3,cashflow,0.0516,0.627,24608.11,0.032353,3460359.34,573730.71,1.129,32,0,RG3,average,Amber,12,cashflow_logistic_scorecard,v1.0,2026-04-09,0.55,0.0,0.0,0.0,0.0,0.01,0.01,0.57,1.1,0.627
FAC-00175,BOR-0085,Borrower 0085,Overdraft / Revolving Working Capital,"Professional, Scientific and Technical Services",NSW,revolving,General Security Agreement,24,196069.2,129666.67,66402.53000000001,average,0.5,162867.94,0.1025,675,C,RG3,cashflow,0.0475,0.605,4680.42,0.028738,14966922.07,3776831.86,1.365,10,0,RG3,average,Green,12,cashflow_logistic_scorecard,v1.0,2026-04-09,0.55,0.0,0.0,0.0,0.0,0.0,0.0,0.55,1.1,0.605
FAC-00176,BOR-0086,Borrower 0086,Property Backed Loan,Construction,NSW,term,Residential Investment Property,48,5987170.66,4981792.18,1005378.4800000004,not_applicable,0.0,4981792.18,0.0784,730,B,RG2,property,0.0219,0.2376,25922.46,0.005203,12807699.11,1536942.34,1.587,5,0,RG2,strong,Green,12,property_logistic_scorecard,v1.0,2026-04-09,0.2,0.0,0.0,0.02,0.0,0.0,0.0,0.22,1.08,0.2376
FAC-00177,BOR-0087,Borrower 0087,Property Backed Loan,Construction,WA,term,Residential Investment Property,36,3936183.49,3572092.55,364090.9400000004,not_applicable,0.0,3572092.55,0.0692,730,B,RG2,property,0.0219,0.2376,18587.17,0.005203,7900840.67,680026.31,1.444,0,0,RG2,strong,Green,12,property_logistic_scorecard,v1.0,2026-04-09,0.2,0.0,0.0,0.02,0.0,0.0,0.0,0.22,1.08,0.2376
FAC-00178,BOR-0088,Borrower 0088,Overdraft / Revolving Working Capital,Construction,SA,revolving,General Security Agreement,24,574028.02,316181.81,257846.21000000002,weak,0.75,509566.47,0.1095,656,C,RG3,cashflow,0.053,0.638,17230.48,0.033814,40823873.49,5642556.34,1.621,49,0,RG3,weak,Amber,12,cashflow_logistic_scorecard,v1.0,2026-04-09,0.55,0.0,0.0,0.02,0.0,0.0,0.01,0.58,1.1,0.638
FAC-00179,BOR-0089,Borrower 0089,SME Cash Flow Term Loan,"Transport, Postal and Warehousing",SA,term,General Security Agreement,24,487937.81,397535.4,90402.40999999997,not_applicable,0.0,397535.4,0.0925,675,C,RG3,cashflow,0.0434,0.473,8160.69,0.020528,14703830.35,2081296.51,1.311,10,0,RG3,average,Green,12,cashflow_logistic_scorecard,v1.0,2026-04-09,0.42,0.0,0.0,0.01,0.0,0.0,0.0,0.43,1.1,0.473
FAC-00180,BOR-0090,Borrower 0090,Overdraft / Revolving Working Capital,"Professional, Scientific and Technical Services",WA,revolving,General Security Agreement,12,1247231.06,716372.13,530858.93,weak,0.75,1114516.33,0.1072,653,C,RG3,cashflow,0.0516,0.627,36058.17,0.032353,2305512.6,516936.65,1.227,55,0,RG3,weak,Amber,12,cashflow_logistic_scorecard,v1.0,2026-04-09,0.55,0.0,0.0,0.0,0.0,0.01,0.01,0.57,1.1,0.627
